<?xml version="1.0" encoding="UTF-8"?>
<project-private xmlns="http://www.netbeans.org/ns/project-private/1">
    <editor-bookmarks xmlns="http://www.netbeans.org/ns/editor-bookmarks/2" lastBookmarkId="0"/>
    <open-files xmlns="http://www.netbeans.org/ns/projectui-open-files/2">
        <group>
            <file>file:/C:/Users/Bart/Documents/NetBeansProjects/PreChatServer/src/chatserver/FrameChatClient.java</file>
            <file>file:/C:/Users/Bart/Documents/NetBeansProjects/PreChatServer/src/prechatserver/PreChatClient.java</file>
            <file>file:/C:/Users/Bart/Documents/NetBeansProjects/PreChatServer/src/prechatserver/PreChatServer.java</file>
            <file>file:/C:/Users/Bart/Documents/NetBeansProjects/PreChatServer/src/chatserver/ChatServerThread.java</file>
            <file>file:/C:/Users/Bart/Documents/NetBeansProjects/PreChatServer/src/chatserver/ChatClient.java</file>
            <file>file:/C:/Users/Bart/Documents/NetBeansProjects/PreChatServer/src/prechatserver/PreFrameChatClient.java</file>
            <file>file:/C:/Users/Bart/Documents/NetBeansProjects/PreChatServer/src/chatserver/ChatServer.java</file>
        </group>
    </open-files>
</project-private>
